SMITH|SURN|1
JOHNSON|SURN|1
WILLIAMS|SURN|1
BROWN|SURN|1
JONES|SURN|1
GARCIA|SURN|1
MILLER|SURN|1
DAVIS|SURN|1
RODRIGUEZ|SURN|1
MARTINEZ|SURN|1
HERNANDEZ|SURN|1
LOPEZ|SURN|1
GONZALEZ|SURN|1
WILSON|SURN|1
ANDERSON|SURN|1
THOMAS|SURN|1
TAYLOR|SURN|1
MOORE|SURN|1
JACKSON|SURN|1
MARTIN|SURN|1
LEE|SURN|1
PEREZ|SURN|1
THOMPSON|SURN|1
WHITE|SURN|1
HARRIS|SURN|1
SANCHEZ|SURN|1
CLARK|SURN|1
RAMIREZ|SURN|1
LEWIS|SURN|1
ROBINSON|SURN|1
WALKER|SURN|1
YOUNG|SURN|1
ALLEN|SURN|1
KING|SURN|1
WRIGHT|SURN|1
SCOTT|SURN|1
TORRES|SURN|1
NGUYEN|SURN|1
HILL|SURN|1
FLORES|SURN|1
GREEN|SURN|1
ADAMS|SURN|1
NELSON|SURN|1
BAKER|SURN|1
HALL|SURN|1
RIVERA|SURN|1
CAMPBELL|SURN|1
MITCHELL|SURN|1
CARTER|SURN|1
ROBERTS|SURN|1
GOMEZ|SURN|1
PHILLIPS|SURN|1
EVANS|SURN|1
TURNER|SURN|1
DIAZ|SURN|1
PARKER|SURN|1
CRUZ|SURN|1
EDWARDS|SURN|1
COLLINS|SURN|1
REYES|SURN|1
STEWART|SURN|1
MORRIS|SURN|1
MORALES|SURN|1
MURPHY|SURN|1
COOK|SURN|1
ROGERS|SURN|1
GUTIERREZ|SURN|1
ORTIZ|SURN|1
MORGAN|SURN|1
COOPER|SURN|1
PETERSON|SURN|1
BAILEY|SURN|1
REED|SURN|1
KELLY|SURN|1
HOWARD|SURN|1
RAMOS|SURN|1
KIM|SURN|1
COX|SURN|1
WARD|SURN|1
RICHARDSON|SURN|1
WATSON|SURN|1
BROOKS|SURN|1
CHAVEZ|SURN|1
WOOD|SURN|1
JAMES|SURN|1
BENNETT|SURN|1
GRAY|SURN|1
MENDOZA|SURN|1
RUIZ|SURN|1
HUGHES|SURN|1
PRICE|SURN|1
ALVAREZ|SURN|1
CASTILLO|SURN|1
SANDERS|SURN|1
PATEL|SURN|1
MYERS|SURN|1
LONG|SURN|1
ROSS|SURN|1
FOSTER|SURN|1
JIMENEZ|SURN|1
POWELL|SURN|1
JENKINS|SURN|1
PERRY|SURN|1
RUSSELL|SURN|1
SULLIVAN|SURN|1
BELL|SURN|1
COLEMAN|SURN|1
BUTLER|SURN|1
HENDERSON|SURN|1
BARNES|SURN|1
GONZALES|SURN|1
FISHER|SURN|1
VASQUEZ|SURN|1
SIMMONS|SURN|1
ROMERO|SURN|1
JORDAN|SURN|1
PATTERSON|SURN|1
ALEXANDER|SURN|1
HAMILTON|SURN|1
GRAHAM|SURN|1
REYNOLDS|SURN|1
GRIFFIN|SURN|1
WALLACE|SURN|1
MORENO|SURN|1
WEST|SURN|1
COLE|SURN|1
HAYES|SURN|1
BRYANT|SURN|1
HERRERA|SURN|1
GIBSON|SURN|1
ELLIS|SURN|1
TRAN|SURN|1
MEDINA|SURN|1
AGUILAR|SURN|1
STEVENS|SURN|1
MURRAY|SURN|1
FORD|SURN|1
CASTRO|SURN|1
MARSHALL|SURN|1
OWENS|SURN|1
HARRISON|SURN|1
FERNANDEZ|SURN|1
MCDONALD|SURN|1
WOODS|SURN|1
WASHINGTON|SURN|1
KENNEDY|SURN|1
WELLS|SURN|1
VARGAS|SURN|1
HENRY|SURN|1
CHEN|SURN|1
FREEMAN|SURN|1
WEBB|SURN|1
TUCKER|SURN|1
GUZMAN|SURN|1
BURNS|SURN|1
CRAWFORD|SURN|1
OLSON|SURN|1
SIMPSON|SURN|1
PORTER|SURN|1
HUNTER|SURN|1
GORDON|SURN|1
MENDEZ|SURN|1
SILVA|SURN|1
SHAW|SURN|1
SNYDER|SURN|1
MASON|SURN|1
DIXON|SURN|1
MUNOZ|SURN|1
HUNT|SURN|1
HICKS|SURN|1
HOLMES|SURN|1
PALMER|SURN|1
WAGNER|SURN|1
BLACK|SURN|1
ROBERTSON|SURN|1
BOYD|SURN|1
ROSE|SURN|1
STONE|SURN|1
SALAZAR|SURN|1
FOX|SURN|1
WARREN|SURN|1
MILLS|SURN|1
MEYER|SURN|1
RICE|SURN|1
SCHMIDT|SURN|1
GARZA|SURN|1
DANIELS|SURN|1
FERGUSON|SURN|1
NICHOLS|SURN|1
STEPHENS|SURN|1
SOTO|SURN|1
WEAVER|SURN|1
RYAN|SURN|1
GARDNER|SURN|1
PAYNE|SURN|1
GRANT|SURN|1
DUNN|SURN|1
KELLEY|SURN|1
SPENCER|SURN|1
HAWKINS|SURN|1
ARNOLD|SURN|1
PIERCE|SURN|1
VAZQUEZ|SURN|1
HANSEN|SURN|1
PETERS|SURN|1
SANTOS|SURN|1
HART|SURN|1
BRADLEY|SURN|1
KNIGHT|SURN|1
ELLIOTT|SURN|1
CUNNINGHAM|SURN|1
DUNCAN|SURN|1
ARMSTRONG|SURN|1
HUDSON|SURN|1
CARROLL|SURN|1
LANE|SURN|1
RILEY|SURN|1
ANDREWS|SURN|1
ALVARADO|SURN|1
RAY|SURN|1
DELGADO|SURN|1
BERRY|SURN|1
PERKINS|SURN|1
HOFFMAN|SURN|1
JOHNSTON|SURN|1
MATTHEWS|SURN|1
PENA|SURN|1
RICHARDS|SURN|1
CONTRERAS|SURN|1
WILLIS|SURN|1
CARPENTER|SURN|1
LAWRENCE|SURN|1
SANDOVAL|SURN|1
GUERRERO|SURN|1
GEORGE|SURN|1
CHAPMAN|SURN|1
RIOS|SURN|1
ESTRADA|SURN|1
ORTEGA|SURN|1
WATKINS|SURN|1
GREENE|SURN|1
NUNEZ|SURN|1
WHEELER|SURN|1
VALDEZ|SURN|1
HARPER|SURN|1
BURKE|SURN|1
LARSON|SURN|1
SANTIAGO|SURN|1
MALDONADO|SURN|1
MORRISON|SURN|1
FRANKLIN|SURN|1
CARLSON|SURN|1
AUSTIN|SURN|1
DOMINGUEZ|SURN|1
CARR|SURN|1
LAWSON|SURN|1
JACOBS|SURN|1
OBRIEN|SURN|1
LYNCH|SURN|1
SINGH|SURN|1
VEGA|SURN|1
BISHOP|SURN|1
MONTGOMERY|SURN|1
OLIVER|SURN|1
JENSEN|SURN|1
HARVEY|SURN|1
WILLIAMSON|SURN|1
GILBERT|SURN|1
DEAN|SURN|1
SIMS|SURN|1
ESPINOZA|SURN|1
HOWELL|SURN|1
LI|SURN|1
WONG|SURN|1
REID|SURN|1
HANSON|SURN|1
LE|SURN|1
MCCOY|SURN|1
GARRETT|SURN|1
BURTON|SURN|1
FULLER|SURN|1
WANG|SURN|1
WEBER|SURN|1
WELCH|SURN|1
ROJAS|SURN|1
LUCAS|SURN|1
MARQUEZ|SURN|1
FIELDS|SURN|1
PARK|SURN|1
YANG|SURN|1
LITTLE|SURN|1
BANKS|SURN|1
PADILLA|SURN|1
DAY|SURN|1
WALSH|SURN|1
BOWMAN|SURN|1
SCHULTZ|SURN|1
LUNA|SURN|1
FOWLER|SURN|1
MEJIA|SURN|1
DAVIDSON|SURN|1
ACOSTA|SURN|1
BREWER|SURN|1
MAY|SURN|1
HOLLAND|SURN|1
JUAREZ|SURN|1
NEWMAN|SURN|1
PEARSON|SURN|1
CURTIS|SURN|1
CORTEZ|SURN|1
DOUGLAS|SURN|1
SCHNEIDER|SURN|1
JOSEPH|SURN|1
BARRETT|SURN|1
NAVARRO|SURN|1
FIGUEROA|SURN|1
KELLER|SURN|1
AVILA|SURN|1
WADE|SURN|1
MOLINA|SURN|1
STANLEY|SURN|1
HOPKINS|SURN|1
CAMPOS|SURN|1
BARNETT|SURN|1
BATES|SURN|1
CHAMBERS|SURN|1
CALDWELL|SURN|1
BECK|SURN|1
LAMBERT|SURN|1
MIRANDA|SURN|1
BYRD|SURN|1
CRAIG|SURN|1
AYALA|SURN|1
LOWE|SURN|1
FRAZIER|SURN|1
POWERS|SURN|1
NEAL|SURN|1
LEONARD|SURN|1
GREGORY|SURN|1
CARRILLO|SURN|1
SUTTON|SURN|1
FLEMING|SURN|1
RHODES|SURN|1
SHELTON|SURN|1
SCHWARTZ|SURN|1
NORRIS|SURN|1
JENNINGS|SURN|1
WATTS|SURN|1
DURAN|SURN|1
WALTERS|SURN|1
COHEN|SURN|1
MCDANIEL|SURN|1
MORAN|SURN|1
PARKS|SURN|1
STEELE|SURN|1
VAUGHN|SURN|1
BECKER|SURN|1
HOLT|SURN|1
DELEON|SURN|1
BARKER|SURN|1
TERRY|SURN|1
HALE|SURN|1
LEON|SURN|1
HAIL|SURN|1
BENSON|SURN|1
HAYNES|SURN|1
HORTON|SURN|1
MILES|SURN|1
LYONS|SURN|1
PHAM|SURN|1
GRAVES|SURN|1
BUSH|SURN|1
THORNTON|SURN|1
WOLFE|SURN|1
WARNER|SURN|1
CABRERA|SURN|1
MCKINNEY|SURN|1
MANN|SURN|1
ZIMMERMAN|SURN|1
DAWSON|SURN|1
LARA|SURN|1
FLETCHER|SURN|1
PAGE|SURN|1
MCCARTHY|SURN|1
LOVE|SURN|1
ROBLES|SURN|1
CERVANTES|SURN|1
SOLIS|SURN|1
ERICKSON|SURN|1
REEVES|SURN|1
CHANG|SURN|1
KLEIN|SURN|1
SALINAS|SURN|1
FUENTES|SURN|1
BALDWIN|SURN|1
DANIEL|SURN|1
SIMON|SURN|1
VELASQUEZ|SURN|1
HARDY|SURN|1
HIGGINS|SURN|1
AGUIRRE|SURN|1
LIN|SURN|1
CUMMINGS|SURN|1
CHANDLER|SURN|1
SHARP|SURN|1
BARBER|SURN|1
BOWEN|SURN|1
OCHOA|SURN|1
DENNIS|SURN|1
ROBBINS|SURN|1
LIU|SURN|1
RAMSEY|SURN|1
FRANCIS|SURN|1
GRIFFITH|SURN|1
PAUL|SURN|1
BLAIR|SURN|1
OCONNOR|SURN|1
CARDENAS|SURN|1
PACHECO|SURN|1
CROSS|SURN|1
CALDERON|SURN|1
QUINN|SURN|1
MOSS|SURN|1
SWANSON|SURN|1
CHAN|SURN|1
RIVAS|SURN|1
KHAN|SURN|1
RODGERS|SURN|1
SERRANO|SURN|1
FITZGERALD|SURN|1
ROSALES|SURN|1
STEVENSON|SURN|1
CHRISTENSEN|SURN|1
MANNING|SURN|1
GILL|SURN|1
CURRY|SURN|1
MCLAUGHLIN|SURN|1
HARMON|SURN|1
MCGEE|SURN|1
GROSS|SURN|1
DOYLE|SURN|1
GARNER|SURN|1
NEWTON|SURN|1
BURGESS|SURN|1
REESE|SURN|1
WALTON|SURN|1
BLAKE|SURN|1
TRUJILLO|SURN|1
ADKINS|SURN|1
BRADY|SURN|1
GOODMAN|SURN|1
ROMAN|SURN|1
WEBSTER|SURN|1
GOODWIN|SURN|1
FISCHER|SURN|1
HUANG|SURN|1
POTTER|SURN|1
DELACRUZ|SURN|1
MONTOYA|SURN|1
TODD|SURN|1
WU|SURN|1
HINES|SURN|1
MULLINS|SURN|1
CASTANEDA|SURN|1
MALONE|SURN|1
CANNON|SURN|1
TATE|SURN|1
MACK|SURN|1
SHERMAN|SURN|1
HUBBARD|SURN|1
HODGES|SURN|1
ZHANG|SURN|1
GUERRA|SURN|1
WOLF|SURN|1
VALENCIA|SURN|1
FRANCO|SURN|1
SAUNDERS|SURN|1
ROWE|SURN|1
GALLAGHER|SURN|1
FARMER|SURN|1
HAMMOND|SURN|1
HAMPTON|SURN|1
TOWNSEND|SURN|1
INGRAM|SURN|1
WISE|SURN|1
GALLEGOS|SURN|1
CLARKE|SURN|1
BARTON|SURN|1
SCHROEDER|SURN|1
MAXWELL|SURN|1
WATERS|SURN|1
LOGAN|SURN|1
CAMACHO|SURN|1
STRICKLAND|SURN|1
NORMAN|SURN|1
PERSON|SURN|1
COLON|SURN|1
PARSONS|SURN|1
FRANK|SURN|1
HARRINGTON|SURN|1
GLOVER|SURN|1
OSBORNE|SURN|1
BUCHANAN|SURN|1
CASEY|SURN|1
FLOYD|SURN|1
PATTON|SURN|1
IBARRA|SURN|1
BALL|SURN|1
TYLER|SURN|1
SUAREZ|SURN|1
BOWERS|SURN|1
OROZCO|SURN|1
SALAS|SURN|1
COBB|SURN|1
GIBBS|SURN|1
ANDRADE|SURN|1
BAUER|SURN|1
CONNER|SURN|1
MOODY|SURN|1
ESCOBAR|SURN|1
MCGUIRE|SURN|1
LLOYD|SURN|1
MUELLER|SURN|1
HARTMAN|SURN|1
FRENCH|SURN|1
KRAMER|SURN|1
MCBRIDE|SURN|1
POPE|SURN|1
LINDSEY|SURN|1
VELAZQUEZ|SURN|1
NORTON|SURN|1
MCCORMICK|SURN|1
SPARKS|SURN|1
FLYNN|SURN|1
YATES|SURN|1
HOGAN|SURN|1
MARSH|SURN|1
MACIAS|SURN|1
VILLANUEVA|SURN|1
ZAMORA|SURN|1
PRATT|SURN|1
STOKES|SURN|1
OWEN|SURN|1
BALLARD|SURN|1
LANG|SURN|1
BROCK|SURN|1
VILLARREAL|SURN|1
CHARLES|SURN|1
DRAKE|SURN|1
BARRERA|SURN|1
CAIN|SURN|1
PATRICK|SURN|1
PINEDA|SURN|1
BURNETT|SURN|1
MERCADO|SURN|1
SANTANA|SURN|1
SHEPHERD|SURN|1
BAUTISTA|SURN|1
ALI|SURN|1
SHAFFER|SURN|1
LAMB|SURN|1
TREVINO|SURN|1
MCKENZIE|SURN|1
HESS|SURN|1
BEIL|SURN|1
OLSEN|SURN|1
COCHRAN|SURN|1
MORTON|SURN|1
NASH|SURN|1
WILKINS|SURN|1
PETERSEN|SURN|1
BRIGGS|SURN|1
SHAH|SURN|1
ROTH|SURN|1
NICHOLSON|SURN|1
HOLLOWAY|SURN|1
LOZANO|SURN|1
FLOWERS|SURN|1
RANGEL|SURN|1
HOOVER|SURN|1
ARIAS|SURN|1
SHORT|SURN|1
MORA|SURN|1
VALENZUELA|SURN|1
BRYAN|SURN|1
MEYERS|SURN|1
WEISS|SURN|1
UNDERWOOD|SURN|1
BASS|SURN|1
GREER|SURN|1
SUMMERS|SURN|1
HOUSTON|SURN|1
CARSON|SURN|1
MORROW|SURN|1
CLAYTON|SURN|1
WHITAKER|SURN|1
DECKER|SURN|1
YODER|SURN|1
COLLIER|SURN|1
ZUNIGA|SURN|1
CAREY|SURN|1
WILCOX|SURN|1
MELENDEZ|SURN|1
POOLE|SURN|1
ROBERSON|SURN|1
LARSEN|SURN|1
CONLEY|SURN|1
DAVENPORT|SURN|1
COPELAND|SURN|1
MASSEY|SURN|1
LAM|SURN|1
HUFF|SURN|1
ROCHA|SURN|1
CAMERON|SURN|1
JEFFERSON|SURN|1
HOOD|SURN|1
MONROE|SURN|1
ANTHONY|SURN|1
PITTMAN|SURN|1
HUYNH|SURN|1
RANDALL|SURN|1
SINGLETON|SURN|1
KIRK|SURN|1
COMBS|SURN|1
MATHIS|SURN|1
CHRISTIAN|SURN|1
SKINNER|SURN|1
BRADFORD|SURN|1
RICHARD|SURN|1
GALVAN|SURN|1
WALL|SURN|1
BOONE|SURN|1
KIRBY|SURN|1
WILKINSON|SURN|1
BRIDGES|SURN|1
BRUCE|SURN|1
ATKINSON|SURN|1
VELEZ|SURN|1
MEZA|SURN|1
ROY|SURN|1
VINCENT|SURN|1
YORK|SURN|1
HODGE|SURN|1
VILLA|SURN|1
ABBOTT|SURN|1
ALLISON|SURN|1
TAPIA|SURN|1
GATES|SURN|1
CHASE|SURN|1
SOSA|SURN|1
SWEENEY|SURN|1
FARRELL|SURN|1
WYATT|SURN|1
DALTON|SURN|1
HORN|SURN|1
BARRON|SURN|1
PHELPS|SURN|1
YU|SURN|1
DICKERSON|SURN|1
HEATH|SURN|1
FOLEY|SURN|1
ATKINS|SURN|1
MATHEWS|SURN|1
BONILLA|SURN|1
ACEVEDO|SURN|1
BENITEZ|SURN|1
ZAVALA|SURN|1
HENSLEY|SURN|1
GLENN|SURN|1
CISNEROS|SURN|1
HARRELL|SURN|1
SHIELDS|SURN|1
RUBIO|SURN|1
CHOI|SURN|1
HUFFMAN|SURN|1
BOYER|SURN|1
GARRISON|SURN|1
ARROYO|SURN|1
BOND|SURN|1
KANE|SURN|1
HANCOCK|SURN|1
CALLAHAN|SURN|1
DILLON|SURN|1
CLINE|SURN|1
WIGGINS|SURN|1
GRIMES|SURN|1
ARELLANO|SURN|1
MELTON|SURN|1
ONEILL|SURN|1
SAVAGE|SURN|1
HO|SURN|1
BELTRAN|SURN|1
PITTS|SURN|1
PARRISH|SURN|1
PONCE|SURN|1
RICH|SURN|1
BOOTH|SURN|1
KOCH|SURN|1
GOLDEN|SURN|1
WARE|SURN|1
BRENNAN|SURN|1
MCDOWELL|SURN|1
MARKS|SURN|1
CANTU|SURN|1
HUMPHREY|SURN|1
BAXTER|SURN|1
SAWYER|SURN|1
CLAY|SURN|1
TANNER|SURN|1
HUTCHINSON|SURN|1
KAUR|SURN|1
BERG|SURN|1
WILEY|SURN|1
GILMORE|SURN|1
RUSSO|SURN|1
VILLEGAS|SURN|1
HOBBS|SURN|1
KEITH|SURN|1
WILKERSON|SURN|1
AHMED|SURN|1
BEARD|SURN|1
MCCLAIN|SURN|1
MONTES|SURN|1
MATA|SURN|1
ROSARIO|SURN|1
VANG|SURN|1
WALTER|SURN|1
HENSON|SURN|1
ONEAL|SURN|1
MOSLEY|SURN|1
MCCLURE|SURN|1
BEASLEY|SURN|1
STEPHENSON|SURN|1
SNOW|SURN|1
HUERTA|SURN|1
PRESTON|SURN|1
VANCE|SURN|1
BARRY|SURN|1
JOHNS|SURN|1
EATON|SURN|1
BLACKWELL|SURN|1
DYER|SURN|1
PRINCE|SURN|1
MACDONALD|SURN|1
SOLOMON|SURN|1
GUEVARA|SURN|1
STAFFORD|SURN|1
ENGLISH|SURN|1
HURST|SURN|1
WOODARD|SURN|1
CORTES|SURN|1
SHANNON|SURN|1
KEMP|SURN|1
NOLAN|SURN|1
MCCULLOUGH|SURN|1
MERRITT|SURN|1
MURILLO|SURN|1
MOON|SURN|1
SALGADO|SURN|1
STRONG|SURN|1
KLINE|SURN|1
CORDOVA|SURN|1
BARAJAS|SURN|1
ROACH|SURN|1
ROSAS|SURN|1
WINTERS|SURN|1
JACOBSON|SURN|1
LESTER|SURN|1
KNOX|SURN|1
BULLOCK|SURN|1
KERR|SURN|1
LEACH|SURN|1
MEADOWS|SURN|1
DAVILA|SURN|1
ORR|SURN|1
WHITEHEAD|SURN|1
PRUITT|SURN|1
KENT|SURN|1
CONWAY|SURN|1
MCKEE|SURN|1
BARR|SURN|1
DAVID|SURN|1
DEJESUS|SURN|1
MARIN|SURN|1
BERGER|SURN|1
MCINTYRE|SURN|1
BLANKENSHIP|SURN|1
GAINES|SURN|1
PALACIOS|SURN|1
CUEVAS|SURN|1
BARTLETT|SURN|1
DURHAM|SURN|1
DORSEY|SURN|1
MCCALL|SURN|1
ODONNELL|SURN|1
STEIN|SURN|1
BROWNING|SURN|1
STOUT|SURN|1
LOWERY|SURN|1
SLOAN|SURN|1
MCLEAN|SURN|1
HENDRICKS|SURN|1
CALHOUN|SURN|1
SEXTON|SURN|1
CHUNG|SURN|1
GENTRY|SURN|1
HULL|SURN|1
DUARTE|SURN|1
ELLISON|SURN|1
NIELSEN|SURN|1
GILLESPIE|SURN|1
BUCK|SURN|1
MIDDLETON|SURN|1
SELLERS|SURN|1
LEBLANC|SURN|1
ESPARZA|SURN|1
HARDIN|SURN|1
BRADSHAW|SURN|1
MCINTOSH|SURN|1
HOWE|SURN|1
LIVINGSTON|SURN|1
FROST|SURN|1
GLASS|SURN|1
MORSE|SURN|1
KNAPP|SURN|1
HERMAN|SURN|1
STARK|SURN|1
BRAVO|SURN|1
NOBLE|SURN|1
SPEARS|SURN|1
WEEKS|SURN|1
CORONA|SURN|1
FREDERICK|SURN|1
BUCKLEY|SURN|1
MCFARLAND|SURN|1
HEBERT|SURN|1
ENRIQUEZ|SURN|1
HICKMAN|SURN|1
QUINTERO|SURN|1
RANDOLPH|SURN|1
SCHAEFER|SURN|1
WALLS|SURN|1
TREJO|SURN|1
HOUSE|SURN|1
REILLY|SURN|1
PENNINGTON|SURN|1
MICHAEL|SURN|1
CONRAD|SURN|1
GILES|SURN|1
BENJAMIN|SURN|1
CROSBY|SURN|1
FITZPATRICK|SURN|1
DONOVAN|SURN|1
MAYS|SURN|1
MAHONEY|SURN|1
VALENTINE|SURN|1
RAYMOND|SURN|1
MEDRANO|SURN|1
HAHN|SURN|1
MCMILLAN|SURN|1
SMALL|SURN|1
BENTLEY|SURN|1
FELIX|SURN|1
PECK|SURN|1
LUCERO|SURN|1
BOYLE|SURN|1
HANNA|SURN|1
PACE|SURN|1
RUSH|SURN|1
HURLEY|SURN|1
HARDING|SURN|1
MCCONNELL|SURN|1
BERNAL|SURN|1
NAVA|SURN|1
AYERS|SURN|1
EVERETT|SURN|1
VENTURA|SURN|1
AVERY|SURN|1
PUGH|SURN|1
MAYER|SURN|1
BENDER|SURN|1
SHEPARD|SURN|1
MCMAHON|SURN|1
LANDRY|SURN|1
CASE|SURN|1
SAMPSON|SURN|1
MOSES|SURN|1
MAGANA|SURN|1
BLACKBURN|SURN|1
DUNLAP|SURN|1
GOULD|SURN|1
DUFFY|SURN|1
VAUGHAN|SURN|1
HERRING|SURN|1
MCKAY|SURN|1
ESPINOSA|SURN|1
RIVERS|SURN|1
FARLEY|SURN|1
BERNARD|SURN|1
ASHLEY|SURN|1
FRIEDMAN|SURN|1
POTTS|SURN|1
TRUONG|SURN|1
COSTA|SURN|1
CORREA|SURN|1
BLEVINS|SURN|1
NIXON|SURN|1
CLEMENTS|SURN|1
FRY|SURN|1
DELAROSA|SURN|1
BEST|SURN|1
BENTON|SURN|1
LUGO|SURN|1
PORTILLO|SURN|1
DOUGHERTY|SURN|1
CRANE|SURN|1
HALEY|SURN|1
PHAN|SURN|1
VILLALOBOS|SURN|1
BLANCHARD|SURN|1
HORNE|SURN|1
FINLEY|SURN|1
QUINTANA|SURN|1
LYNN|SURN|1
ESQUIVEL|SURN|1
BEAN|SURN|1
DODSON|SURN|1
MULLEN|SURN|1
XIONG|SURN|1
HAYDEN|SURN|1
CANO|SURN|1
LEVY|SURN|1
HUBER|SURN|1
RICHMOND|SURN|1
MOYER|SURN|1
LIM|SURN|1
FRYE|SURN|1
SHEPPARD|SURN|1
MCCARTY|SURN|1
AVALOS|SURN|1
BOOKER|SURN|1
WALLER|SURN|1
PARRA|SURN|1
WOODWARD|SURN|1
JARAMILLO|SURN|1
KRUEGER|SURN|1
RASMUSSEN|SURN|1
BRANDT|SURN|1
PERALTA|SURN|1
DONALDSON|SURN|1
STUART|SURN|1
FAULKNER|SURN|1
MAYNARD|SURN|1
GALINDO|SURN|1
COFFEY|SURN|1
ESTES|SURN|1
SANFORD|SURN|1
BURCH|SURN|1
MADDOX|SURN|1
VO|SURN|1
OCONNELL|SURN|1
VU|SURN|1
ANDERSEN|SURN|1
SPENCE|SURN|1
MCPHERSON|SURN|1
CHURCH|SURN|1
SCHMITT|SURN|1
STANTON|SURN|1
LEAL|SURN|1
CHERRY|SURN|1
COMPTON|SURN|1
DUDLEY|SURN|1
SIERRA|SURN|1
POLLARD|SURN|1
ALFARO|SURN|1
HESTER|SURN|1
PROCTOR|SURN|1
LU|SURN|1
HINTON|SURN|1
NOVAK|SURN|1
GOOD|SURN|1
MADDEN|SURN|1
MCCANN|SURN|1
TERRELL|SURN|1
JARVIS|SURN|1
DICKSON|SURN|1
REYNA|SURN|1
CANTRELL|SURN|1
MAYO|SURN|1
BRANCH|SURN|1
HENDRIX|SURN|1
ROLLINS|SURN|1
ROWLAND|SURN|1
WHITNEY|SURN|1
DUKE|SURN|1
ODOM|SURN|1
DAUGHERTY|SURN|1
TRAVIS|SURN|1
TANG|SURN|1
ARCHER|SURN|1