Euro|NER|-2
Asia|NER|-2
Afric|NER|-2
Australi|NER|-2
Atlanti|NER|-2
Pacifi|NER|-2
Afghanistan|NER|1
Åland Islands|NER|1
Albania|NER|1
Algeria|NER|1
American Samoa|NER|1
Andorra|NER|1
Angola|NER|1
Anguilla|NER|1
Antarctica|NER|1
Antigua;and;Barbuda|NER|1
Barbuda|NER|1
Antigua|NER|1
Argentina|NER|1
Armenia|NER|1
Aruba|NER|1
Australia|NER|1
Austria|NER|1
Azerbaijan|NER|1
Bahamas|NER|1
Bahrain|NER|1
Bangladesh|NER|1
Barbados|NER|1
Belarus|NER|1
Belgium|NER|1
Belize|NER|1
Benin|NER|1
Bermuda|NER|1
Bhutan|NER|1
Bolivia|NER|1
Bonaire|NER|1
Bosnia;and;Herzegovina|NER|1
Bosnia|NER|1
Herzegovina|NER|1
Botswana|NER|1
Bouvet Island|NER|1
Brazil|NER|1
British;Indian;Ocean;Territory|NER|1
Brunei;Darussalam|NER|1
Darussalam|NER|1
Brunei|NER|1
Bulgaria|NER|1
Burkina Faso|NER|1
Burundi|NER|1
Cambodia|NER|1
Cameroon|NER|1
Canada|NER|1
Cape;Verde|NER|1
Cayman;Islands|NER|1
Cayman|NER|1
Central;African;Republic|NER|1
Chad|NER|1
Chile|NER|1
China|NER|1
Christmas;Island|NER|1
Cocos;Islands|NER|1
Cocos|NER|1
Keeling|NER|1
Colombia|NER|1
Comoros|NER|1
Congo|NER|1
Congo|NER|1
Cook;Islands|NER|1
Costa;Rica|NER|1
Côte;d'Ivoire|NER|1
Croatia|NER|1
Cuba|NER|1
Curaçao|NER|1
Cyprus|NER|1
Czech;Republic|NER|1
Denmark|NER|1
Djibouti|NER|1
Dominica|NER|1
Dominican;Republic|NER|1
Ecuador|NER|1
Egypt|NER|1
El;Salvador|NER|1
Equatorial;Guinea|NER|1
Eritrea|NER|1
Estonia|NER|1
Ethiopia|NER|1
Falkland;Islands|NER|1
Falkland|NER|1
Malvinas|NER|1
Faroe;Islands|NER|1
Fiji|NER|1
Finland|NER|1
France|NER|1
French;Guiana|NER|1
Guiana|NER|1
French;Polynesia|NER|1
Polynesia|NER|1
French;Southern;Territories|NER|1
Gabon|NER|1
Gambia|NER|1
Georgia|NER|1
Germany|NER|1
Ghana|NER|1
Gibraltar|NER|1
Greece|NER|1
Greenland|NER|1
Grenada|NER|1
Guadeloupe|NER|1
Guam|NER|1
Guatemala|NER|1
Guernsey|NER|1
Guinea|NER|1
Guinea-Bissau|NER|1
Guyana|NER|1
Haiti|NER|1
Heard;Island|NER|1
McDonald;Islands|NER|1
Holy;See|NER|1
Vatican|NER|1
Honduras|NER|1
Hong;Kong|NER|1
Hungary|NER|1
Iceland|NER|1
India|NER|1
Indonesia|NER|1
Iran|NER|1
Iraq|NER|1
Ireland|NER|1
Isle;of;Man|NER|1
Israel|NER|1
Italy|NER|1
Jamaica|NER|1
Japan|NER|1
Jersey|NER|1
Jordan|NER|1
Kazakhstan|NER|1
Kenya|NER|1
Kiribati|NER|1
Korea|NER|1
Kuwait|NER|1
Kyrgyzstan|NER|1
Lao|NER|1
Latvia|NER|1
Lebanon|NER|1
Lesotho|NER|1
Liberia|NER|1
Libya|NER|1
Liechtenstein|NER|1
Lithuania|NER|1
Luxembourg|NER|1
Macao|NER|1
Macedonia|NER|1
Madagascar|NER|1
Malawi|NER|1
Malaysia|NER|1
Maldives|NER|1
Mali|NER|1
Malta|NER|1
Marshall;Islands|NER|1
Martinique|NER|1
Mauritania|NER|1
Mauritius|NER|1
Mayotte|NER|1
Mexico|NER|1
Micronesia|NER|1
Moldova|NER|1
Monaco|NER|1
Mongolia|NER|1
Montenegro|NER|1
Montserrat|NER|1
Morocco|NER|1
Mozambique|NER|1
Myanmar|NER|1
Namibia|NER|1
Nauru|NER|1
Nepal|NER|1
Netherlands|NER|1
Holand|NER|1
New;Caledonia|NER|1
New;Zealand|NER|1
Nicaragua|NER|1
Niger|NER|1
Nigeria|NER|1
Niue|NER|1
Norfolk|NER|1
Marianas|NER|1
Mariana|NER|1
Norway|NER|1
Oman|NER|1
Pakistan|NER|1
Palau|NER|1
Palestine|NER|1
Panama|NER|1
Papua;New;Guinea|NER|1
Papua;|NER|1
New;Guinea|NER|1
Paraguay|NER|1
Peru|NER|1
Philippines|NER|1
Pitcairn|NER|1
Poland|NER|1
Portugal|NER|1
Puerto;Rico|NER|1
Qatar|NER|1
Réunion|NER|1
Romania|NER|1
Russian;Federation|NER|1
Russia|NER|1
Rwanda|NER|1
Saint;Barthélemy|NER|1
Saint;Helena|NER|1
Ascension|NER|1
Tristan;da;Cunha|NER|1
Saint;Kitts;and;Nevis|NER|1
Saint;Kitts|NER|1
Nevis|NER|1
Saint;Lucia|NER|1
Saint;Martin|NER|1
Saint;Pierre;and;Miquelon|NER|1
Miquelon|NER|1
Saint;Pierre|NER|1
Saint;Vincent|NER|1
Grenadines|NER|1
Samoa|NER|1
San;Marino|NER|1
Sao;Tome|NER|1
Saudi;Arabia|NER|1
Arabia|NER|1
Senegal|NER|1
Serbia|NER|1
Seychelles|NER|1
Sierra;Leone|NER|1
Singapore|NER|1
Sint;Maarten|NER|1
Slovakia|NER|1
Slovenia|NER|1
Solomon;Islands|NER|1
Solomon|NER|1
Somalia|NER|1
South;Africa|NER|1
Georgia|NER|1
Sudan|NER|1
Spain|NER|1
Sri;Lanka|NER|1
Sudan|NER|1
Suriname|NER|1
Svalbard|NER|1
Jan;Mayen|NER|1
Swaziland|NER|1
Sweden|NER|1
Switzerland|NER|1
Syria|NER|1
Taiwan|NER|1
Tajikistan|NER|1
Tanzania|NER|1
Thailand|NER|1
Timor-Leste|NER|1
Timor;Leste|NER|1
Togo|NER|1
Tokelau|NER|1
Tonga|NER|1
Trinidad;and;Tobago|NER|1
Trinidad;Tobago|NER|1
Trinidad|NER|1
Tobago|NER|1
Tunisia|NER|1
Turkey|NER|1
Turkmenistan|NER|1
Turks|NER|1
Caicos|NER|1
Tuvalu|NER|1
Uganda|NER|1
Ukraine|NER|1
United;Arab;Emirates|NER|1
United;Kingdom|NER|1
UK|NER|1
GB|NER|1
United;States|NER|1
US|NER|1
USA|NER|1
America|NER|1
Uruguay|NER|1
Uzbekistan|NER|1
Vanuatu|NER|1
Venezuela|NER|1
Viet;Nam|NER|1
Vietnam|NER|1
Virgin;Islands|NER|1
Wallis;and;Futuna|NER|1
Wallis;Futuna|NER|1
Futuna|NER|1
Wallis|NER|1
Sahara|NER|1
Yemen|NER|1
Zambia|NER|1
Zimbabwe|NER|1
BEIJING|NER|1
PEKING|NER|1
Mumbai|NER|1
Bombay|NER|1
MOSKVA|NER|1
SEOUL|NER|1
Delhi|NER|1
JAKARTA|NER|1
LIMA|NER|1
Karachi|NER|1
TOKYO|NER|1
MEXICO;CIUDAD;DE|NER|1
CIUDAD;DE;MEXICO|NER|1
New;York;NY|NER|1
NY|NER|1
CAIRO|NER|1
HONG;KONG|NER|1
Rio;de;Janeiro|NER|1
SANTIAGO|NER|1
SINGAPORE|NER|1
Lahore|NER|1
St.;Petersburg|NER|1
Petersburg|NER|1
Kolkata|NER|1
Calcutta|NER|1
Aleppo|NER|1
Alexandria|NER|1
Chennai|NER|1
Madras|NER|1
Bangalore|NER|1
RIYADH|NER|1
Sydney|NER|1
Melbourne|NER|1
Los;Angeles|NER|1
Yokohama|NER|1
Hyderabad|NER|1
Ahmedabad|NER|1
BERLIN|NER|1
Busan;Pusan|NER|1
Pusan|NER|1
KABUL|NER|1
MADRID|NER|1
NAIROBI|NER|1
Giza|NER|1
Casablanca|NER|1
Dar-el-Beida|NER|1
Dar;el;Beida|NER|1
Jiddah|NER|1
KIEV|NER|1
ROMA|NER|1
Surabaya|NER|1
Quezon;City|NER|1
Quezon|NER|1
Chicago;IL|NER|1
Chicago|NER|1
Incheon|NER|1
Salvador|NER|1
Osaka|NER|1
ADDIS;ABABA|NER|1
PYONGYANG|NER|1
Kanpur|NER|1
Pune|NER|1
Damasus|NER|1
BRASILIA|NER|1
Surat|NER|1
Daegu;Taegu|NER|1
Bandung|NER|1
Jaipur|NER|1
Guayaquil|NER|1
Nagoya|NER|1
AMMAN|NER|1
PARIS|NER|1
Lucknow|NER|1
TASHKENT|NER|1
LA;HABANA|NER|1
CARACAS|NER|1
Houston;TX|NER|1
Houston|NER|1
Medan|NER|1
BAKU|NER|1
Kalyoubia|NER|1
Nagpur|NER|1
Faisalabad;Lyallpur|NER|1
Lyallpur|NER|1
Faisalabad|NER|1
Brisbane|NER|1
SANAA|NER|1
SANA'A|NER|1
SANA;A|NER|1
BUCURESTI|NER|1
Sapporo|NER|1
Douala|NER|1
MINSK|NER|1
YAOUNDE|NER|1
Hamburg|NER|1
Tangerang|NER|1
Manaus|NER|1
Curitiba|NER|1
BUDAPEST|NER|1
WIEN|NER|1
WARSZAWA|NER|1
DAMASCUS|NER|1
Perth|NER|1
Homs|NER|1
Ecatepec;de;Morelos|NER|1
MANILA|NER|1
KUALA;LUMPUR|NER|1
Santa;Cruz|NER|1
Barcelona|NER|1
QUITO|NER|1
PHNOM;PENH|NER|1
ALGIERS|NER|1
EL;DJAZAIR|NER|1
Semarang|NER|1
Kobe|NER|1
Recife|NER|1
KAMPALA|NER|1
Philadelphia|NER|1
Philadelphia;PA|NER|1
Daejeon|NER|1
Taejon|NER|1
HARARE|NER|1
Hama|NER|1
Auckland|NER|1
Dakahlia|NER|1
Guadalajara|NER|1
Caloocan|NER|1
Kalookan|NER|1
Afyon|NER|1
Novosibirsk|NER|1
OUAGADOUGOU|NER|1
Indore|NER|1
Kyoto|NER|1
Fukuoka|NER|1
Palembang|NER|1
Gwangju;Kwangchu|NER|1
Kwangchu|NER|1
Davao|NER|1
Phoenix|NER|1
Phoenix;AZ|NER|1
Bhopal|NER|1
Zaragoza|NER|1
Puebla;de;Zaragoza|NER|1
Belo;Horizonte|NER|1
Kawasaki|NER|1
Kharkov|NER|1
Rawalpindi|NER|1
Porto;Alegre|NER|1
Ludhiana|NER|1
Al;Hasakeh|NER|1
Al-Hasakeh|NER|1
München|NER|1
Idleb|NER|1
Patna|NER|1
Ekaterinburg|NER|1
Almaty|NER|1
BEOGRAD|NER|1
BELGRADE|NER|1
Sharkia|NER|1
Maracaibo|NER|1
Makasar|NER|1
Ujung;Pandang|NER|1
MONTEVIDEO|NER|1
Milano|NER|1
San;Antonio;TX|NER|1
San;Antonio|NER|1
Juárez|NER|1
San;Diego|NER|1
San;Diego;CA|NER|1
Vadodara|NER|1
Tijuana|NER|1
Goiânia|NER|1
Helwan|NER|1
Makkah|NER|1
Gharbia|NER|1
Agra|NER|1
Thane|NER|1
Nizhny;Novgorod|NER|1
PRAHA|NER|1
León;de;los;Aldama|NER|1
Saitama|NER|1
MOGADISHU|NER|1
SOFIA|NER|1
Adelaide|NER|1
Dallas|NER|1
Dallas;TX|NER|1
Multan|NER|1
Kalyan|NER|1
Hiroshima|NER|1
TBILISI|NER|1
Samara;Samarskaya|NER|1
Hyderabad|NER|1
Omsk|NER|1
Kazan|NER|1
Zapopan|NER|1
Chelyabinsk|NER|1
Monterrey|NER|1
Gujranwala|NER|1
Bat;Dambang|NER|1
SANTO;DOMINGO|NER|1
Deir;El-Zor|NER|1
Netzahualcóyotl|NER|1
Ulsan|NER|1
Rostov-na-Donu|NER|1
Rostov;na;Donu|NER|1
Rostov|NER|1
Varanasi|NER|1
CONAKRY|NER|1
Fès|NER|1
Dubai|NER|1
Nashik|NER|1
Ufa|NER|1
Meerut|NER|1
YEREVAN|NER|1
LUSAKA|NER|1
DAKAR|NER|1
Faridabad|NER|1
Sendai|NER|1
Marrakech|NER|1
CUIDAD;DE;GUATEMALA|NER|1
GUATEMALA|NER|1
Volgograd|NER|1
Köln|NER|1
ANTANANARIV|NER|1
Pimpri;Chinchwad|NER|1
Haora;Howrah|NER|1
KATHMANDU|NER|1
Barquisimeto|NER|1
Seam;Reab|NER|1
Perm|NER|1
Assyût|NER|1
PORT-AU-PRINCE|NER|1
PORT;AU;PRINCE|NER|1
Odessa|NER|1
Dnepropetrovsk|NER|1
Krasnoyarsk|NER|1
CAPE;TOWN|NER|1
Behera|NER|1
Voronezh|NER|1
Visakhapatnam|NER|1
Peshawar|NER|1
Kitakyushu|NER|1
Allahabad|NER|1
Ghaziabad|NER|1
Rajkot|NER|1
Amritsar|NER|1
MAPUTO|NER|1
Santo;Domingo|NER|1
Santo;Domingo;Este|NER|1
Chiba|NER|1
Sao;Luís|NER|1
Napoli|NER|1
El;Alto|NER|1
Campinas|NER|1
Lattakia|NER|1
Bogor|NER|1
Salé|NER|1
Donetsk|NER|1
San;Jose;CA|NER|1
FREETOWN|NER|1
Batam|NER|1
Pikine|NER|1
Jabalpur|NER|1
Maceió|NER|1
Coimbatore|NER|1
Dra'a|NER|1
Dra;a|NER|1
Madurai|NER|1
Al-Madinah|NER|1
Al;Madinah|NER|1
Valencia|NER|1
Mombasa|NER|1
Torino|NER|1
Soweto|NER|1
Srinagar|NER|1
Pakanbaru|NER|1
PANAMA;DE;PANAMA|NER|1
Bandar;Lampung|NER|1
Aurangabad|NER|1
Solapur|NER|1
BISHKEK|NER|1
Sohag|NER|1
Cebu|NER|1
Al-Raqqah|NER|1
Al;Raqqah|NER|1
Fortaleza|NER|1
Cotonou|NER|1
Menia|NER|1
TEGUCIGALPA|NER|1
Vijayawada|NER|1
Jodhpur|NER|1
Marseille|NER|1
Guayana|NER|1
Ciudad;Guayana|NER|1
Tanger|NER|1
Ranchi|NER|1
NOUAKCHOTT|NER|1
Arequipa|NER|1
Sakai|NER|1
Saratov|NER|1
LA;PAZ|NER|1
Padang|NER|1
Gwalior|NER|1
Jacksonville|NER|1
Jacksonville;FL|NER|1
Indianapolis|NER|1
Indianapolis;IN|NER|1
Malang|NER|1
Niigata|NER|1
Guwahati|NER|1
Chihuahua|NER|1
Chandigarh|NER|1
Zamboanga|NER|1
San;Francisco|NER|1
San;Francisco;CA|NER|1
Natal|NER|1
6th;of;October;City|NER|1
Hamamatsu|NER|1
DOHA|NER|1
JERUSALEM|NER|1
Naucalpan;de;Juárez|NER|1
Valencia|NER|1
Austin|NER|1
Austin;TX|NER|1
ATHINAI|NER|1
STOCKHOLM|NER|1
Denpasar|NER|1
Nova;Iguaçu|NER|1
Columbus|NER|1
Columbus;OH|NER|1
Hubli-Dharwad|NER|1
Hubli;Dharwad|NER|1
Guarulhos|NER|1
AMSTERDAM|NER|1
ZAGREB|NER|1
Mérida|NER|1
Port;Elizabeth|NER|1
Campo;Grande|NER|1
Zaporozhye|NER|1
Teresina|NER|1
Trujillo|NER|1
Antalya|NER|1
Kraków|NER|1
Santiago;de;los;Caballeros|NER|1
Puente;Alto|NER|1
Tartous|NER|1
Mysore|NER|1
Krasnodar|NER|1
Johannesburg|NER|1
Tiruchchirappalli|NER|1
Thiruvananthapuram|NER|1
Ad-Dammam|NER|1
Ad;Dammam|NER|1
Fort;Worth|NER|1
Fort;Worth;TX|NER|1
DUSHANBE|NER|1
Sao;Bernardo;do;Campo|NER|1
Kumamoto|NER|1
Charlotte;NC|NER|1
Lódz|NER|1
Samarinda|NER|1
Menoufia|NER|1
Lvov|NER|1
San;Luis;Potosí|NER|1
Aguascalientes|NER|1
Joao;Pessoa|NER|1
Tolyatti|NER|1
Bareilly|NER|1
Sagamihara|NER|1
Shizuoka|NER|1
Detroit|NER|1
Detroit;MI|NER|1
Bulawayo|NER|1
Saltillo|NER|1
Okayama|NER|1
NIAMEY|NER|1
Jalandhar|NER|1
Wahran;Oran|NER|1
Navi;Mumbai|NER|1
New;Bombay|NER|1
Mumbai|NER|1
Bombay|NER|1
RIGA|NER|1
TUNIS|NER|1
Sevilla|NER|1
Salem|NER|1
Kota|NER|1
PRETORIA|NER|1
Frankfurt|NER|1
Frankfurt;am;Main|NER|1
Mexicali|NER|1
Adan|NER|1
Kénitra|NER|1
Zaragoza|NER|1
Antipolo|NER|1
Guadalupe;Nuevo;León|NER|1
Guadalupe|NER|1
Acapulco;de;Juárez|NER|1
Acapulco|NER|1
Pasig|NER|1
Durban|NER|1
Aligarh|NER|1
LILONGWE|NER|1
Osasco|NER|1
Meknès|NER|1
RABAT|NER|1
CHIŞINĂU|NER|1
KISHINEV|NER|1
Diyarbakir|NER|1
Blantyre;City|NER|1
Kryvy;Rig|NER|1
Kafr-Elsheikh|NER|1
Kafr;Elsheikh|NER|1
Palermo|NER|1
Tlalnepantla|NER|1
El;Paso|NER|1
El;Paso;TX|NER|1
Bhubaneswar|NER|1
COLOMBO|NER|1
Memphis|NER|1
Memphis;TN|NER|1
Taguig|NER|1
Moradabad|NER|1
ASTANA|NER|1
Wroclaw|NER|1
Wrocław|NER|1
Izhevsk|NER|1
Cancun|NER|1
Querétaro|NER|1
Bandjarmasin|NER|1
Gorakhpur|NER|1
Faiyûm|NER|1
Baltimore|NER|1
Baltimore;MD|NER|1
Thiès|NER|1
Cochabamba|NER|1
Boston|NER|1
Boston;MA|NER|1
Barnaul|NER|1
Chongjin|NER|1
Ulyanovsk|NER|1
Hamhung|NER|1
Stuttgart|NER|1
Chimalhuacan|NER|1
Port;Said|NER|1
Rotterdam|NER|1
Funabashi|NER|1
Torreón|NER|1
Seattle|NER|1
Seattle;WA|NER|1
Genova|NER|1
OSLO|NER|1
Kagoshima|NER|1
Raipur|NER|1
Mbour4|NER|1
Içel|NER|1
KIGALI|NER|1
Cagayan;de;Oro|NER|1
WASHINGTON;DC|NER|1
WASHINGTON|NER|1
Nashville|NER|1
Nashville;TN|NER|1
Nashville;Davidson|NER|1
Nashville;Davidson;TN|NER|1
Denver|NER|1
Denver;CO|NER|1
Bhiwandi|NER|1
Morelia|NER|1
Louisville|NER|1
Louisville;KY|NER|1
Tyumen|NER|1
Kochi|NER|1
Milwaukee|NER|1
Milwaukee;WI|NER|1
Vladivostok|NER|1
Irkutsk|NER|1
Yaroslavl|NER|1
Düsseldorf|NER|1
HELSINKI|NER|1
Ribeirao;Prêto|NER|1
Reynosa|NER|1
Paranaque|NER|1
Uberlândia|NER|1
Portland|NER|1
Portland;OR|NER|1
Las;Vegas|NER|1
Las;Vegas;NV|NER|1
Chiclayo|NER|1
Beni-Suef|NER|1
Beni;Suef|NER|1
Khabarovsk|NER|1
Dortmund|NER|1
Sorocaba|NER|1
Hachioji|NER|1
Oklahoma;City|NER|1
Oklahoma;City;OK|NER|1
KINGSTON|NER|1
Tlaquepaque|NER|1
Dasmariñas|NER|1
Valenzuela|NER|1
Makhachkala|NER|1
Essen|NER|1
Jamshedpur|NER|1
Aracaju|NER|1
Santo;André|NER|1
MACAO|NER|1
Shimkent|NER|1
Quetta|NER|1
Málaga|NER|1
Balikpapan|NER|1
Johor;Bahru|NER|1
MB;Johor;Bahru|NER|1
Suez|NER|1
Bhilai;Nagar|NER|1
Poznan|NER|1
Las;Piñas|NER|1
KOBENHAVN|NER|1
Orenburg|NER|1
Amravati|NER|1
Novokuznetsk|NER|1
Bremen|NER|1
LISBOA|NER|1
Albuquerque|NER|1
Albuquerque;NM|NER|1
Aswan|NER|1
VILNIUS|NER|1
General;Santos|NER|1
Tuxtla;Gutiérrez|NER|1
Himeji|NER|1
Qena|NER|1
Cuttack|NER|1
Kemerovo|NER|1
Sao;José;dos;Campos|NER|1
Tomsk|NER|1
Jambi|NER|1
Leipzig|NER|1
SKOPJE|NER|1
N'DJAMENA|NER|1
N;DJAMENA|NER|1
Warangal|NER|1
Dresden|NER|1
Bikaner|NER|1
ISLAMABAD|NER|1
Makati|NER|1
DUBLIN|NER|1
ABU;DHABI|NER|1
Hannover|NER|1
Ryazan|NER|1
Astrakhan|NER|1
At-Ta'if|NER|1
At;Ta;if|NER|1
Mira-Bhayandar|NER|1
Mira;Bhayandar|NER|1
Bacoor;City|NER|1
Tucson|NER|1
Tucson;AZ|NER|1
Inezgane;ait;Melloul|NER|1
ASUNCION|NER|1
Penza|NER|1
San;Pedro|NER|1
San;Pedro;Sula|NER|1
Matsuyama|NER|1
Gaza|NER|1
Naberezhnye;Tchelny|NER|1
Guntur|NER|1
Eskisehir|NER|1
Bacolod|NER|1
Utsunomiya|NER|1
Bhavnagar|NER|1
Nürnberg|NER|1
Higashiosaka|NER|1
Lipetsk|NER|1
MB;Ipoh|NER|1
Ipoh|NER|1
Agadir|NER|1
Kawaguchi|NER|1
Tula|NER|1
Surakarta|NER|1
BUJUMBURA|NER|1
Béni-Mellal|NER|1
Béni;Mellal|NER|1
Feira;de;Santana|NER|1
The;Hague|NER|1
Fresno;CA|NER|1
Durgapur|NER|1
Kolhapur|NER|1
Mykolaiv|NER|1
Zarqa|NER|1
Göteborg|NER|1
Bobo;Dioulasso|NER|1
Juiz;de;Fora|NER|1
Toluca;de;Lerdo|NER|1
Ciudad;López;Mateos|NER|1
Duisburg|NER|1
Al-Sharjah|NER|1
Al;Sharjah|NER|1
Niterói|NER|1
Joinville|NER|1
Londrina|NER|1
Ajmer|NER|1
Cuautitlan;Izcalli|NER|1
Matsudo|NER|1
Nishinomiya|NER|1
Antwerpen|NER|1
Anvers|NER|1
Lyon|NER|1
Kirov|NER|1
Kurashiki|NER|1
Asansol|NER|1
Oita|NER|1
Ichikawa|NER|1
Ulhasnagar|NER|1
Ismailia|NER|1
Siliguri|NER|1
Ananindeua|NER|1
Oujda|NER|1
Belford;Roxo|NER|1
Belford|NER|1
Apodaca|NER|1
Ciudad;Apodaca|NER|1
Sacramento|NER|1
Sacramento;CA|NER|1
Karaganda|NER|1
Qacentina|NER|1
Constantine|NER|1
Skhirate-Témara|NER|1
Skhirate;Témara|NER|1
Kanazawa|NER|1
Long;Beach|NER|1
Long;Beach;CA|NER|1
Damietta|NER|1
Fukuyama|NER|1
Mariupol|NER|1
Gdansk|NER|1
Tétouan|NER|1
Muntinlupa|NER|1
Kansas|NER|1
Kansas;City|NER|1
Kansas;City;MO|NER|1
Sargodha|NER|1
Cheboksary|NER|1
Saharanpur|NER|1
Al-Rayyan|NER|1
Al;Rayyan|NER|1
San;Jose;Del;Monte|NER|1
Malatya|NER|1
Amagasaki|NER|1
Santo;Domingo|NER|1
Santo;Domingo;Norte|NER|1
Safi|NER|1
Mixco|NER|1
Matamoros|NER|1
Maracay|NER|1
Maturín|NER|1
Nagasaki|NER|1
Jamnagar|NER|1
Erzurum|NER|1
San;Nicolas;de;los;Garza|NER|1
Bhatpara|NER|1
Tabuk|NER|1
Toulouse|NER|1
Mesa;AZ|NER|1
Sanliurfa|NER|1
Virginia;Beach|NER|1
Virginia;Beach;VA|NER|1
Murcia|NER|1
Sangli-Miraj-Kupwad|NER|1
Sangli;Miraj;Kupwad|NER|1
Kozhikode|NER|1
Herat|NER|1
Barcelona|NER|1
Barcelona;Puerto;La;Cruz|NER|1
Puerto;La;Cruz|NER|1
Kaliningrad|NER|1
Nanded|NER|1
Ujjain|NER|1
Veracruz|NER|1
Machida|NER|1
Dehradun|NER|1
Santiago;de;Cuba|NER|1
Xalapa-Enriquez|NER|1
Xalapa;Enriquez|NER|1
Matola|NER|1
Iloilo|NER|1
Marikina|NER|1
Lugansk|NER|1
Gulbarga|NER|1
Iquitos|NER|1
Toyama|NER|1
Sialkote|NER|1
Toyota|NER|1
TIRANA|NER|1
Kursk|NER|1
Atlanta|NER|1
Atlanta;GA|NER|1
Takamatsu|NER|1
Santos|NER|1
Yokosuka|NER|1
Piura|NER|1
Mauá|NER|1
Colorado|NER|1
Colorado;Springs|NER|1
Colorado;Springs;CO|NER|1
Caxias;do;Sul|NER|1
Bryansk|NER|1
Gifu|NER|1
Nador|NER|1
Tirunelveli|NER|1
BRATISLAVA|NER|1
Kaolack|NER|1
Manado|NER|1
Szczecin|NER|1
Fujisawa|NER|1
Malegaon|NER|1
Omaha|NER|1
Omaha;NE|NER|1
Tonala|NER|1
Ulan-Ude|NER|1
Magnitogorsk|NER|1
Ivanovo|NER|1
Bahawalpur|NER|1
Hirakata|NER|1
Cuzco|NER|1
Tver|NER|1
Pietermaritzburg|NER|1
Tel;Aviv|NER|1
Jerusalem|NER|1
Yafo|NER|1
Kashiwa|NER|1
Raleigh|NER|1
Mataram|NER|1
Palma|NER|1
Stavropol|NER|1
TALLINN|NER|1
Miyazaki|NER|1
Akola|NER|1
Belgaum|NER|1
Mangalore|NER|1
Miami|NER|1
Miami;FL|NER|1
Kndhar|NER|1
Kandhar|NER|1
Beira|NER|1
Cleveland|NER|1
Cleveland;OH|NER|1
Bokaro;Steel;City|NER|1
Kahramanmaras|NER|1
Samsun|NER|1
Pasay|NER|1
South;Dum;Dum|NER|1
Tulsa|NER|1
Tulsa;OK|NER|1
Luxer|NER|1
Namangan|NER|1
Oakland|NER|1
Oakland;CA|NER|1
Villa;Nueva|NER|1
Udaipur|NER|1
Calamba|NER|1
Toyonaka|NER|1
Yogyakarta|NER|1
Diadema|NER|1
Gaya|NER|1
Thessaloniki|NER|1
Maheshtala|NER|1
Jhansi|NER|1
DJIBOUTI|NER|1
Minneapolis|NER|1
Minneapolis;MN|NER|1
Wichita|NER|1
Wichita;KS|NER|1
SAN;JUAN|NER|1
Van|NER|1
Nagano|NER|1
Bologna|NER|1
Palmas;de;Gran;Canaria|NER|1
Antofagasta|NER|1
Vereeniging|NER|1
Contagem|NER|1
Brno|NER|1
Kaunas|NER|1
Ichinomiya|NER|1
Nellore|NER|1
Buraydah|NER|1
Toyohashi|NER|1
Christchurch|NER|1
Klang|NER|1
Betim|NER|1
Zürich|NER|1
Bochum|NER|1
Nuevo;Laredo|NER|1
San;Miguelito|NER|1
Khamis;Mushayt|NER|1
Sao;José;do;Rio;Prêto|NER|1
Okazaki|NER|1
Firenze|NER|1
Ciudad;Bolívar|NER|1
Takasaki|NER|1
Ndola|NER|1
Settat|NER|1
Wakayama|NER|1
Olinda|NER|1
Jammu|NER|1
Macapá|NER|1
Porto;Velho|NER|1
Vinnutsya|NER|1
Jalgaon|NER|1
Balkh|NER|1
Sharif|NER|1
Mazar|NER|1
Nara|NER|1
Benoni|NER|1
Arlington|NER|1
Arlington;TX|NER|1
Davangere|NER|1
Bydgoszcz|NER|1
Kitwe|NER|1
LIBREVILLE|NER|1
Mogilev|NER|1
Belgorod|NER|1
Kollam|NER|1
BEIRUT|NER|1
Samarkand|NER|1
Chimbote|NER|1
Nizhny;Tagil|NER|1
Takatsuki|NER|1
Khouribga|NER|1
Campos;dos;Goytacazes|NER|1
CANBERRA|NER|1
Xico|NER|1
Suita|NER|1
Campina;Grande|NER|1
Makeyevka|NER|1
Jundiaí|NER|1
Villahermosa|NER|1
Huancayo|NER|1
Malabon|NER|1
Kuantan|NER|1
Annaba|NER|1
Ciudad;General;Escobedo|NER|1
Escobedo|NER|1
Sochi|NER|1
Bilbao|NER|1
BLOEMFONTEIN|NER|1
Lapu-Lapu|NER|1
Lapu;Lapu|NER|1
Wuppertal|NER|1
Santo;Domingo;Oeste|NER|1
Arkhangelsk|NER|1
Lublin|NER|1
Al-Sweida|NER|1
Al;Sweida|NER|1
Panihati|NER|1
Taraz|NER|1
Bakersfield|NER|1
Bakersfield;CA|NER|1
Asahikawa|NER|1
Vladimir|NER|1
Kathlehong|NER|1
Tiruppur|NER|1
Kempton;Park|NER|1
El-Jadida|NER|1
El;Jadida|NER|1
New;Orleans|NER|1
New;Orleans;LA|NER|1
Kochi|NER|1
Kawagoe|NER|1
Grodno|NER|1
Maringá|NER|1
Iwaki|NER|1
Tokorozawa|NER|1
Dhule|NER|1
Cumaná|NER|1
Duque;de;Caxias|NER|1
Bhagalpur|NER|1
Nice|NER|1
Chitungwiza|NER|1
Maebashi|NER|1
Umlazi|NER|1
Sevastopol|NER|1
Koriyama|NER|1
Cuernavaca|NER|1
Montes;Claros|NER|1
Andizhan|NER|1
Plovdiv|NER|1
Otsu|NER|1
Ziguinchor4|NER|1
Sao;Gonçalo|NER|1
Honolulu|NER|1
Honolulu;HI|NER|1
Bauru|NER|1
Rajpur;Sonarpur|NER|1
Anaheim;CA|NER|1
Anaheim|NER|1
Carrefour|NER|1
Tampa|NER|1
Tampa;FL|NER|1
Sukkur|NER|1
Jaboatao;dos;Guarapes|NER|1
Varna|NER|1
Sinuiju|NER|1
Rufisque|NER|1
Tepic|NER|1
Sao;Vicente|NER|1
Mandaue|NER|1
Ambon|NER|1
Kurgan|NER|1
Simferopol|NER|1
Cuenca|NER|1
Alicante|NER|1
Mandaluyong|NER|1
Wonsan|NER|1
Córdoba|NER|1
Smolensk|NER|1
Al-Ayn|NER|1
Al;Ayn|NER|1
Bonn|NER|1
Barcelona|NER|1
Angeles|NER|1
Chita|NER|1
Koshigaya|NER|1
Kaluga|NER|1
Anápolis|NER|1
Aurora;CO|NER|1
Gebze|NER|1
Santa;Ana|NER|1
Santa;Ana;CA|NER|1
Canoas|NER|1
Akita|NER|1
Bielefeld|NER|1
Iligan|NER|1
Ixtapaluca|NER|1
Itaquaquecetuba|NER|1
Batman|NER|1
Denizli|NER|1
Bari|NER|1
St.;Louis|NER|1
St;Louis;MO|NER|1
St.;Louis;MO|NER|1
St;Louis|NER|1
Baguio|NER|1
Brest|NER|1
Tarlac|NER|1
Orel|NER|1
Thrissur|NER|1
Guediawaye|NER|1
Bellary|NER|1
Muzaffarnagar|NER|1
SAN;SALVADOR|NER|1
Naha|NER|1
Korba|NER|1
Ganja|NER|1
Rajahmundry|NER|1
Mannheim|NER|1
Århus|NER|1
Kamarhati|NER|1
Khayelitsa|NER|1
Volzhsky|NER|1
Cherepovets|NER|1
Sumgayit|NER|1
Franca|NER|1
Surgut|NER|1
Cainta|NER|1
Valladolid|NER|1
Utrecht|NER|1
Ambattur|NER|1
Nampho|NER|1
Vladikavkaz|NER|1
Katowice|NER|1
Butuan|NER|1
Rio;Branco|NER|1
Bengkulu|NER|1
Pavlodar|NER|1
Brahmapur|NER|1
Yokkaichi|NER|1
Ahmednagar|NER|1
Timisoara|NER|1
Barinas|NER|1
San;Bernardo|NER|1
Irbid|NER|1
Pelotas|NER|1
Camagüey|NER|1
Murmansk|NER|1
Pittsburgh;PA|NER|1
Batangas|NER|1
Kasugai|NER|1
Muzaffarpur|NER|1
Corpus;Christi|NER|1
Corpus;Christi;TX|NER|1
Noida|NER|1
Riverside|NER|1
Riverside;CA|NER|1
Kota;Kinabalu|NER|1
Ponta;Grossa|NER|1
Vologda|NER|1
Nampula|NER|1
Patiala|NER|1
Iasi|NER|1
Mathura|NER|1
Kurume|NER|1
NEW;DELHI|NER|1
Cluj-Napoca|NER|1
Cluj;Napoca|NER|1
Imus;City|NER|1
Paulista|NER|1
Latur|NER|1
Constanta|NER|1
Ostrava|NER|1
Aomori|NER|1
Sukabumi|NER|1
Morioka|NER|1
Saransk|NER|1
Piracicaba|NER|1
Elazig|NER|1
Craiova|NER|1
Karlsruhe|NER|1
Tampico|NER|1
Kherson|NER|1
Cincinnati|NER|1
Cincinnati;OH|NER|1
Shahjahanpur|NER|1
Cirebon;Tjirebon|NER|1
Kakinada|NER|1
Red;Sea|NER|1
Lexington-Fayette|NER|1
Lexington-Fayette;KY|NER|1
Lexington;Fayette|NER|1
Lexington;Fayette;KY|NER|1
Vigo|NER|1
Mohammedia|NER|1
San;Pedro|NER|1
Bialystok|NER|1
Jhang|NER|1
Fukushima|NER|1
Catania|NER|1
Kukatpalle|NER|1
Anchorage|NER|1
Anchorage;AK|NER|1
Münster|NER|1
Stockton|NER|1
Luque|NER|1
Akashi|NER|1
Chernigov|NER|1
Poltava|NER|1
Acarigua-Araure|NER|1
Acarigua;Araure|NER|1
Seremban|NER|1
Viña;del;Mar|NER|1
Kulti|NER|1
PORTO;NOVO|NER|1
PORTO-NOVO|NER|1
Chandrapur|NER|1
Uberaba|NER|1
Taytay|NER|1
Nizamabad|NER|1
SAN;JOSE|NER|1
San;Lorenzo|NER|1
Al-Hufuf|NER|1
Al;Hufuf|NER|1
Ust;Kamenogorsk|NER|1
Ust-Kamenogorsk|NER|1
Toledo|NER|1
Galati|NER|1
Rohtak|NER|1
Nakuru|NER|1
San;Fernando;Pampanga|NER|1
Tsu|NER|1
Barddhaman|NER|1
Guarenas|NER|1
Semipalatinsk|NER|1
St.;Paul|NER|1
St;Paul|NER|1
St.;Paul;MN|NER|1
St;Paul;MN|NER|1
Al-Mubarraz|NER|1
Al;Mubarraz|NER|1
Santa;Rosa|NER|1
Delmas|NER|1
SUCRE|NER|1
Cherkassy|NER|1
Russiefa|NER|1
Lipa|NER|1
Biñan|NER|1
Nagaoka|NER|1
Nantes|NER|1
Villa;Nicolas;Romero|NER|1
Rampur|NER|1
Pakalongan|NER|1
Shimonoseki|NER|1
Rodriguez;Montalban|NER|1
Tambov|NER|1
Ichihara|NER|1
Sheikhu;Pura|NER|1
Bhilwara|NER|1
Tacna|NER|1
Diourbel|NER|1
Ciudad;del;Este|NER|1
Roodepoort|NER|1
Hakodate|NER|1
Firozabad|NER|1
Wiesbaden|NER|1
San;Cristóbal|NER|1
Malmö|NER|1
Caruaru|NER|1
San;Francisco;Coacalco|NER|1
Boa;Vista|NER|1
Saint;Louis|NER|1
Newark|NER|1
Gijón|NER|1
Holguín|NER|1
Sakarya|NER|1
Brasov|NER|1
Bilaspur|NER|1
Ibaraki|NER|1
Yakutsk|NER|1
Shimoga|NER|1
Sterlitamak|NER|1
Groznyi|NER|1
Aktobe|NER|1
La;Vega|NER|1
Cabanatuan|NER|1
Los;Teques|NER|1
LJUBLJANA|NER|1
Rajarhat;Gopalpur|NER|1
Cotabato|NER|1
Strasbourg|NER|1
Yao|NER|1
Sariwon|NER|1
San;Cristóbal|NER|1
Santa;Elena|NER|1
Venezia|NER|1
Zhitomir|NER|1
Larkana|NER|1
Greensboro;NC|NER|1
Bamenda|NER|1
Haifa|NER|1
Kurnool|NER|1
Kostroma|NER|1
Sumy|NER|1