James|NAME|1
John|NAME|1
Robert|NAME|1
Michael|NAME|1
Mary|NAME|1
William|NAME|1
David|NAME|1
Joseph|NAME|1
Richard|NAME|1
Charles|NAME|1
Thomas|NAME|1
Christopher|NAME|1
Daniel|NAME|1
Elizabeth|NAME|1
Matthew|NAME|1
Patricia|NAME|1
George|NAME|1
Jennifer|NAME|1
Linda|NAME|1
Anthony|NAME|1
Barbara|NAME|1
Donald|NAME|1
Paul|NAME|1
Mark|NAME|1
Andrew|NAME|1
Edward|NAME|1
Steven|NAME|1
Kenneth|NAME|1
Margaret|NAME|1
Joshua|NAME|1
Kevin|NAME|1
Brian|NAME|1
Susan|NAME|1
Dorothy|NAME|1
Ronald|NAME|1
Sarah|NAME|1
Timothy|NAME|1
Jessica|NAME|1
Jason|NAME|1
Helen|NAME|1
Nancy|NAME|1
Betty|NAME|1
Karen|NAME|1
Jeffrey|NAME|1
Lisa|NAME|1
Ryan|NAME|1
Jacob|NAME|1
Frank|NAME|1
Gary|NAME|1
Nicholas|NAME|1
Anna|NAME|1
Eric|NAME|1
Sandra|NAME|1
Stephen|NAME|1
Emily|NAME|1
Ashley|NAME|1
Jonathan|NAME|1
Kimberly|NAME|1
Donna|NAME|1
Ruth|NAME|1
Carol|NAME|1
Michelle|NAME|1
Larry|NAME|1
Laura|NAME|1
Amanda|NAME|1
Justin|NAME|1
Raymond|NAME|1
Scott|NAME|1
Samuel|NAME|1
Brandon|NAME|1
Melissa|NAME|1
Benjamin|NAME|1
Rebecca|NAME|1
Deborah|NAME|1
Stephanie|NAME|1
Sharon|NAME|1
Kathleen|NAME|1
Cynthia|NAME|1
Gregory|NAME|1
Jack|NAME|1
Amy|NAME|1
Henry|NAME|1
Shirley|NAME|1
Patrick|NAME|1
Alexander|NAME|1
Emma|NAME|1
Angela|NAME|1
Catherine|NAME|1
Virginia|NAME|1
Katherine|NAME|1
Walter|NAME|1
Dennis|NAME|1
Jerry|NAME|1
Brenda|NAME|1
Pamela|NAME|1
Frances|NAME|1
Tyler|NAME|1
Nicole|NAME|1
Christine|NAME|1
Aaron|NAME|1
Peter|NAME|1
Samantha|NAME|1
Evelyn|NAME|1
Jose|NAME|1
Rachel|NAME|1
Alice|NAME|1
Douglas|NAME|1
Janet|NAME|1
Carolyn|NAME|1
Adam|NAME|1
Debra|NAME|1
Harold|NAME|1
Nathan|NAME|1
Martha|NAME|1
Maria|NAME|1
Marie|NAME|1
Zachary|NAME|1
Arthur|NAME|1
Heather|NAME|1
Diane|NAME|1
Julie|NAME|1
Joyce|NAME|1
Carl|NAME|1
Grace|NAME|1
Victoria|NAME|1
Albert|NAME|1
Rose|NAME|1
Joan|NAME|1
Kyle|NAME|1
Christina|NAME|1
Kelly|NAME|1
Ann|NAME|1
Lauren|NAME|1
Doris|NAME|1
Julia|NAME|1
Jean|NAME|1
Lawrence|NAME|1
Judith|NAME|1
Olivia|NAME|1
Kathryn|NAME|1
Joe|NAME|1
Mildred|NAME|1
Willie|NAME|1
Gerald|NAME|1
Lillian|NAME|1
Roger|NAME|1
Cheryl|NAME|1
Megan|NAME|1
Jeremy|NAME|1
Keith|NAME|1
Hannah|NAME|1
Andrea|NAME|1
Ethan|NAME|1
Sara|NAME|1
Terry|NAME|1
Jacqueline|NAME|1
Christian|NAME|1
Harry|NAME|1
Jesse|NAME|1
Sean|NAME|1
Teresa|NAME|1
Ralph|NAME|1
Austin|NAME|1
Gloria|NAME|1
Janice|NAME|1
Roy|NAME|1
Theresa|NAME|1
Louis|NAME|1
Noah|NAME|1
Bruce|NAME|1
Billy|NAME|1
Judy|NAME|1
Bryan|NAME|1
Madison|NAME|1
Eugene|NAME|1
Beverly|NAME|1
Jordan|NAME|1
Denise|NAME|1
Jane|NAME|1
Marilyn|NAME|1
Amber|NAME|1
Dylan|NAME|1
Danielle|NAME|1
Abigail|NAME|1
Charlotte|NAME|1
Diana|NAME|1
Brittany|NAME|1
Russell|NAME|1
Natalie|NAME|1
Wayne|NAME|1
Irene|NAME|1
Ruby|NAME|1
Annie|NAME|1
Sophia|NAME|1
Alan|NAME|1
Juan|NAME|1
Gabriel|NAME|1
Howard|NAME|1
Fred|NAME|1
Vincent|NAME|1
Lori|NAME|1
Philip|NAME|1
Kayla|NAME|1
Alexis|NAME|1
Tiffany|NAME|1
Florence|NAME|1
Isabella|NAME|1
Kathy|NAME|1
Louise|NAME|1
Logan|NAME|1
Lois|NAME|1
Tammy|NAME|1
Crystal|NAME|1
Randy|NAME|1
Bonnie|NAME|1
Phyllis|NAME|1
Anne|NAME|1
Taylor|NAME|1
Victor|NAME|1
Bobby|NAME|1
Erin|NAME|1
Johnny|NAME|1
Phillip|NAME|1
Martin|NAME|1
Josephine|NAME|1
Alyssa|NAME|1
Bradley|NAME|1
Ella|NAME|1
Shawn|NAME|1
Clarence|NAME|1
Travis|NAME|1
Ernest|NAME|1
Stanley|NAME|1
Allison|NAME|1
Craig|NAME|1
Shannon|NAME|1
Elijah|NAME|1
Edna|NAME|1
Peggy|NAME|1
Tina|NAME|1
Leonard|NAME|1
Robin|NAME|1
Dawn|NAME|1
Carlos|NAME|1
Earl|NAME|1
Eleanor|NAME|1
Jimmy|NAME|1
Francis|NAME|1
Cody|NAME|1
Caleb|NAME|1
Mason|NAME|1
Rita|NAME|1
Danny|NAME|1
Isaac|NAME|1
Audrey|NAME|1
Todd|NAME|1
Wanda|NAME|1
Clara|NAME|1
Ethel|NAME|1
Paula|NAME|1
Cameron|NAME|1
Norma|NAME|1
Dale|NAME|1
Ellen|NAME|1
Luis|NAME|1
Alex|NAME|1
Marjorie|NAME|1
Luke|NAME|1
Jamie|NAME|1
Nathaniel|NAME|1
Allen|NAME|1
Leslie|NAME|1
Joel|NAME|1
Evan|NAME|1
Edith|NAME|1
Connie|NAME|1
Eva|NAME|1
Gladys|NAME|1
Carrie|NAME|1
Ava|NAME|1
Frederick|NAME|1
Wendy|NAME|1
Hazel|NAME|1
Valerie|NAME|1
Curtis|NAME|1
Elaine|NAME|1
Courtney|NAME|1
Esther|NAME|1
Cindy|NAME|1
Vanessa|NAME|1
Brianna|NAME|1
Lucas|NAME|1
Norman|NAME|1
Marvin|NAME|1
Tracy|NAME|1
Tony|NAME|1
Monica|NAME|1
Antonio|NAME|1
Glenn|NAME|1
Melanie|NAME|1
Jasmine|NAME|1
Rodney|NAME|1
Theodore|NAME|1
Melvin|NAME|1
Alfred|NAME|1
Edwin|NAME|1
Steve|NAME|1
Chad|NAME|1
Sylvia|NAME|1
Jackson|NAME|1
April|NAME|1
Sheila|NAME|1
Adrian|NAME|1
Katie|NAME|1
Hunter|NAME|1
Alexandra|NAME|1
Angel|NAME|1
Lee|NAME|1
Marcus|NAME|1
Derek|NAME|1
Erica|NAME|1
Sherry|NAME|1
Jeffery|NAME|1
Mia|NAME|1
Caroline|NAME|1
Jesus|NAME|1
Herbert|NAME|1
Ian|NAME|1
Leah|NAME|1
Pauline|NAME|1
Alicia|NAME|1
Thelma|NAME|1
Lucille|NAME|1
Michele|NAME|1
Ricky|NAME|1
Suzanne|NAME|1
Veronica|NAME|1
Kristen|NAME|1
Wesley|NAME|1
Isaiah|NAME|1
Morgan|NAME|1
Anita|NAME|1
Liam|NAME|1
Julian|NAME|1
Troy|NAME|1
Joanne|NAME|1
Dolores|NAME|1
Geraldine|NAME|1
Connor|NAME|1
Chloe|NAME|1
Eddie|NAME|1
Jayden|NAME|1
Lorraine|NAME|1
Rhonda|NAME|1
Jill|NAME|1
Vivian|NAME|1
Bertha|NAME|1
Juanita|NAME|1
Dustin|NAME|1
Aiden|NAME|1
Leo|NAME|1
Mike|NAME|1
Darlene|NAME|1
Sally|NAME|1
Calvin|NAME|1
Lucy|NAME|1
Ray|NAME|1
Gail|NAME|1
Oscar|NAME|1
Holly|NAME|1
Jared|NAME|1
Leroy|NAME|1
Bernard|NAME|1
Randall|NAME|1
Jeremiah|NAME|1
June|NAME|1
Dana|NAME|1
Amelia|NAME|1
Beatrice|NAME|1
Brooke|NAME|1
Jay|NAME|1
Shane|NAME|1
Marion|NAME|1
Debbie|NAME|1
Madeline|NAME|1
Owen|NAME|1
Clifford|NAME|1
Claire|NAME|1
Eileen|NAME|1
Ida|NAME|1
Manuel|NAME|1
Renee|NAME|1
Lynn|NAME|1
Bernice|NAME|1
Corey|NAME|1
Ronnie|NAME|1
Barry|NAME|1
Kim|NAME|1
Kristin|NAME|1
Jo|NAME|1
Elsie|NAME|1
Regina|NAME|1
Gertrude|NAME|1
Miguel|NAME|1
Warren|NAME|1
Dean|NAME|1
Tommy|NAME|1
Gavin|NAME|1
Blake|NAME|1
Loretta|NAME|1
Stella|NAME|1
Rosa|NAME|1
Tara|NAME|1
Roberta|NAME|1
Cathy|NAME|1
Sydney|NAME|1
Bessie|NAME|1
Charlie|NAME|1
Savannah|NAME|1
Annette|NAME|1
Cassandra|NAME|1
Jessie|NAME|1
Dominic|NAME|1
Lydia|NAME|1
Don|NAME|1
Leon|NAME|1
Oliver|NAME|1
Jon|NAME|1
Laurie|NAME|1
Molly|NAME|1
Kaitlyn|NAME|1
Jeanne|NAME|1
Jeanette|NAME|1
Stacy|NAME|1
Chase|NAME|1
Colleen|NAME|1
Mitchell|NAME|1
Seth|NAME|1
Naomi|NAME|1
Hailey|NAME|1
Bill|NAME|1
Lloyd|NAME|1
Jerome|NAME|1
Chelsea|NAME|1
Alma|NAME|1
Beth|NAME|1
Alvin|NAME|1
Darrell|NAME|1
Minnie|NAME|1
Carter|NAME|1
Agnes|NAME|1
Landon|NAME|1
Brett|NAME|1
Trevor|NAME|1
Rosemary|NAME|1
Wyatt|NAME|1
Pearl|NAME|1
Joann|NAME|1
Lindsey|NAME|1
Lillie|NAME|1
Haley|NAME|1
Yvonne|NAME|1
Sebastian|NAME|1
Floyd|NAME|1
Micheal|NAME|1
Gordon|NAME|1
Vicki|NAME|1
Jim|NAME|1
Erik|NAME|1
Georgia|NAME|1
Gina|NAME|1
Edgar|NAME|1
Lewis|NAME|1
Devin|NAME|1
Max|NAME|1
Nora|NAME|1
Nellie|NAME|1
Carla|NAME|1
Levi|NAME|1
Lily|NAME|1
Stacey|NAME|1
Kelsey|NAME|1
Destiny|NAME|1
Willie|NAME|1
Terri|NAME|1
Vernon|NAME|1
Shelby|NAME|1
Mario|NAME|1
Jenna|NAME|1
Chris|NAME|1
Sue|NAME|1
Maureen|NAME|1
Heidi|NAME|1
Clyde|NAME|1
Derrick|NAME|1
Arlene|NAME|1
Violet|NAME|1
Daisy|NAME|1
Marian|NAME|1
Vera|NAME|1
Ricardo|NAME|1
Wilma|NAME|1
Paige|NAME|1
Tom|NAME|1
Marc|NAME|1
Constance|NAME|1
Brent|NAME|1
Lena|NAME|1
Carmen|NAME|1
Sabrina|NAME|1
Myrtle|NAME|1
Faith|NAME|1
Franklin|NAME|1
Cole|NAME|1
Kristina|NAME|1
Herman|NAME|1
Cora|NAME|1
Joy|NAME|1
Melinda|NAME|1
Mabel|NAME|1
Xavier|NAME|1
Maurice|NAME|1
Francisco|NAME|1
Gabrielle|NAME|1
Sofia|NAME|1
Deanna|NAME|1
Alejandro|NAME|1
Ivan|NAME|1
Marcia|NAME|1
Charlene|NAME|1
Katelyn|NAME|1
Viola|NAME|1
Mattie|NAME|1
Clayton|NAME|1
Jordan|NAME|1
Jorge|NAME|1
Garrett|NAME|1
Tamara|NAME|1
Lester|NAME|1
Lindsay|NAME|1
Marlene|NAME|1
Gilbert|NAME|1
Elmer|NAME|1
Mackenzie|NAME|1
Kaylee|NAME|1
Nina|NAME|1
Zoe|NAME|1
Jennie|NAME|1
Claudia|NAME|1
Gene|NAME|1
Avery|NAME|1
Alexa|NAME|1
Cory|NAME|1
Colin|NAME|1
Glen|NAME|1
Sadie|NAME|1
Grant|NAME|1
Sam|NAME|1
Erika|NAME|1
Autumn|NAME|1
Jake|NAME|1
Andre|NAME|1
Colton|NAME|1
Addison|NAME|1
Eli|NAME|1
Harvey|NAME|1
Chester|NAME|1
Tonya|NAME|1
Jeff|NAME|1
Marissa|NAME|1
Priscilla|NAME|1
Patsy|NAME|1
Isabel|NAME|1
Angelina|NAME|1
Gwendolyn|NAME|1
Brayden|NAME|1
Delores|NAME|1
Spencer|NAME|1
Milton|NAME|1
Gabriella|NAME|1
Tanya|NAME|1
Maggie|NAME|1
Duane|NAME|1
Bryce|NAME|1
Sophie|NAME|1
Preston|NAME|1
Leslie|NAME|1
Yolanda|NAME|1
Genevieve|NAME|1
Maxine|NAME|1
Tristan|NAME|1
Alison|NAME|1
Ruben|NAME|1
Jimmie|NAME|1
Aubrey|NAME|1
Caitlin|NAME|1
Miranda|NAME|1
Mae|NAME|1
Carole|NAME|1
Casey|NAME|1
Taylor|NAME|1
Jessie|NAME|1
Reginald|NAME|1
Vickie|NAME|1
Aidan|NAME|1
Kylie|NAME|1
Miriam|NAME|1
Glenda|NAME|1
Leona|NAME|1
Mariah|NAME|1
Roberto|NAME|1
Carson|NAME|1
Everett|NAME|1
Josiah|NAME|1
Riley|NAME|1
Diego|NAME|1
Brandy|NAME|1
Cecil|NAME|1
Dan|NAME|1
Margie|NAME|1
Jocelyn|NAME|1
Dora|NAME|1
Parker|NAME|1
Joanna|NAME|1
Marsha|NAME|1
Lance|NAME|1
Eduardo|NAME|1
Arnold|NAME|1
Neil|NAME|1
Hector|NAME|1
Makayla|NAME|1
Brooklyn|NAME|1
Darren|NAME|1
Ana|NAME|1
Johnnie|NAME|1
Brandi|NAME|1
Billie|NAME|1
Katrina|NAME|1
Ariana|NAME|1
Karl|NAME|1
Hattie|NAME|1
Nolan|NAME|1
Toni|NAME|1
Kara|NAME|1
Bailey|NAME|1
Alexandria|NAME|1
Hayden|NAME|1
Kay|NAME|1
Christy|NAME|1
Penny|NAME|1
Javier|NAME|1
Bethany|NAME|1
Roland|NAME|1
Terry|NAME|1
Cecilia|NAME|1
Omar|NAME|1
Clinton|NAME|1
Sierra|NAME|1
Fernando|NAME|1
Melody|NAME|1
Whitney|NAME|1
Ada|NAME|1
Angel|NAME|1
Natasha|NAME|1
Maya|NAME|1
Kendra|NAME|1
Dianne|NAME|1
Meghan|NAME|1
Allan|NAME|1
Riley|NAME|1
Lonnie|NAME|1
Johnathan|NAME|1
Marguerite|NAME|1
Briana|NAME|1
Micah|NAME|1
Maxwell|NAME|1
Isabelle|NAME|1
Bob|NAME|1
Tanner|NAME|1
Darryl|NAME|1
Marshall|NAME|1
Madelyn|NAME|1
Arianna|NAME|1
Claude|NAME|1
Abraham|NAME|1
Jenny|NAME|1
Felicia|NAME|1
Jackie|NAME|1
Angelica|NAME|1
Brendan|NAME|1
Guy|NAME|1
Bridget|NAME|1
Andy|NAME|1
Adriana|NAME|1
Hope|NAME|1
Pedro|NAME|1
Karla|NAME|1
Harriet|NAME|1
Brady|NAME|1
Lola|NAME|1
Bobbie|NAME|1
Geneva|NAME|1
Nicolas|NAME|1
Aaliyah|NAME|1
Blanche|NAME|1
Layla|NAME|1
Velma|NAME|1
Becky|NAME|1
Damian|NAME|1
Tracey|NAME|1
Dakota|NAME|1
Jamie|NAME|1
Cooper|NAME|1
Kurt|NAME|1
Susie|NAME|1
Fannie|NAME|1
Raul|NAME|1
Candace|NAME|1
Jacquelyn|NAME|1
Lula|NAME|1
Misty|NAME|1
Shelly|NAME|1
Kristine|NAME|1
Andres|NAME|1
Sherri|NAME|1
Jade|NAME|1
Zoey|NAME|1
Sidney|NAME|1
Tim|NAME|1
Ben|NAME|1
Brad|NAME|1
Rachael|NAME|1
Desiree|NAME|1
Miles|NAME|1
Brittney|NAME|1
Iris|NAME|1
Kelly|NAME|1
Wallace|NAME|1
Rick|NAME|1
Hugh|NAME|1
Jillian|NAME|1
Breanna|NAME|1
Dalton|NAME|1
Kate|NAME|1
Ross|NAME|1
Harper|NAME|1
Elias|NAME|1
Hilda|NAME|1
Byron|NAME|1
Rosie|NAME|1
Grayson|NAME|1
Nevaeh|NAME|1
Eunice|NAME|1
Jodi|NAME|1
Gabriela|NAME|1
Rafael|NAME|1
Jaxon|NAME|1
Sheryl|NAME|1
Jackie|NAME|1
Monique|NAME|1
Tyrone|NAME|1
Angelo|NAME|1
Antoinette|NAME|1
Julius|NAME|1
Dwight|NAME|1
Summer|NAME|1
Lynda|NAME|1
Elena|NAME|1
Mamie|NAME|1
Trinity|NAME|1
Greg|NAME|1
Willard|NAME|1
Nelson|NAME|1
Harrison|NAME|1
Kaleb|NAME|1
Collin|NAME|1
Kristi|NAME|1
Casey|NAME|1
Sergio|NAME|1
Emmanuel|NAME|1
Dwayne|NAME|1
Mathew|NAME|1
Ramon|NAME|1
Perry|NAME|1
Ted|NAME|1
Gracie|NAME|1
Kelli|NAME|1
Drew|NAME|1
Janie|NAME|1
Krystal|NAME|1
Jaden|NAME|1
Meredith|NAME|1
Rebekah|NAME|1
Krista|NAME|1
Irma|NAME|1
Beulah|NAME|1
Ayden|NAME|1
Armando|NAME|1
Bianca|NAME|1
Freddie|NAME|1
Rosalie|NAME|1
Cesar|NAME|1
Shelley|NAME|1
Peyton|NAME|1
Marion|NAME|1
Belinda|NAME|1
Erick|NAME|1
Terrence|NAME|1
Virgil|NAME|1
Ashton|NAME|1
Kennedy|NAME|1
Marco|NAME|1
Devon|NAME|1
Morris|NAME|1
Kristy|NAME|1
Alberta|NAME|1
Felix|NAME|1
Camila|NAME|1
Ariel|NAME|1
Wade|NAME|1
Clifton|NAME|1
Shaun|NAME|1
Opal|NAME|1
Roman|NAME|1
Jeannette|NAME|1
Terrance|NAME|1
Verna|NAME|1
Giovanni|NAME|1
Sandy|NAME|1
Stuart|NAME|1
Kent|NAME|1
Faye|NAME|1
Brody|NAME|1
Ramona|NAME|1
Flora|NAME|1
Jaime|NAME|1
Genesis|NAME|1
Della|NAME|1
Candice|NAME|1
Cheyenne|NAME|1
Kirk|NAME|1
Inez|NAME|1
Leonardo|NAME|1
Gianna|NAME|1
Camille|NAME|1
Adrienne|NAME|1
Jace|NAME|1
Valeria|NAME|1
Skylar|NAME|1
Lila|NAME|1
Scarlett|NAME|1
Luther|NAME|1
Elise|NAME|1
Lorenzo|NAME|1
Natalia|NAME|1
Penelope|NAME|1
Jonah|NAME|1
Sonia|NAME|1
Guadalupe|NAME|1
Sonya|NAME|1
Marianne|NAME|1
Jada|NAME|1
Jonathon|NAME|1
Ellie|NAME|1
Damon|NAME|1
Dave|NAME|1
Marcella|NAME|1
Lincoln|NAME|1
Fredrick|NAME|1
Carly|NAME|1
Alexis|NAME|1
Nichole|NAME|1
Yvette|NAME|1
Bryson|NAME|1
Dominick|NAME|1
Dillon|NAME|1
Cristian|NAME|1
Angie|NAME|1
Daryl|NAME|1
Patty|NAME|1
Maryann|NAME|1
Lee|NAME|1
Malcolm|NAME|1
Robyn|NAME|1
Bella|NAME|1
Lynne|NAME|1
Dallas|NAME|1
Kristopher|NAME|1
Santiago|NAME|1
Olga|NAME|1
Gayle|NAME|1
Rickey|NAME|1
Tracy|NAME|1
Israel|NAME|1
Hudson|NAME|1
Homer|NAME|1
Kaden|NAME|1
Caden|NAME|1
Sheri|NAME|1
Myra|NAME|1
Donnie|NAME|1
Julio|NAME|1
Alberto|NAME|1
Simon|NAME|1
Daniela|NAME|1
Annabelle|NAME|1
Kendall|NAME|1
Kari|NAME|1
Adeline|NAME|1
Mckenzie|NAME|1
Josie|NAME|1
Karina|NAME|1
Callie|NAME|1
Abby|NAME|1
Otis|NAME|1
Earnest|NAME|1
Roxanne|NAME|1
Tabitha|NAME|1
Juliana|NAME|1
Gerard|NAME|1
Rex|NAME|1
Lyle|NAME|1
Gage|NAME|1
Celeste|NAME|1
Lilly|NAME|1
Hubert|NAME|1
Serenity|NAME|1
Enrique|NAME|1
Aurora|NAME|1
Kaitlin|NAME|1
Damien|NAME|1
Alana|NAME|1
Wilbur|NAME|1
Donovan|NAME|1
Cecelia|NAME|1
Trenton|NAME|1
Cassidy|NAME|1
Asher|NAME|1
Dianna|NAME|1
Jody|NAME|1
Avery|NAME|1
Salvatore|NAME|1
Emmett|NAME|1
Alisha|NAME|1
Liliana|NAME|1
Olive|NAME|1
Mateo|NAME|1
Mya|NAME|1
Erma|NAME|1
Muriel|NAME|1
Alfredo|NAME|1
Jan|NAME|1
Mallory|NAME|1
Neal|NAME|1
Celia|NAME|1
Geoffrey|NAME|1
Horace|NAME|1
Janelle|NAME|1
Eliza|NAME|1
Arturo|NAME|1
Bernadette|NAME|1
Aimee|NAME|1
Estelle|NAME|1
Leland|NAME|1
Ira|NAME|1
Gretchen|NAME|1
Mikayla|NAME|1
Vicky|NAME|1
Rudolph|NAME|1
Jordyn|NAME|1
Wendell|NAME|1
Dana|NAME|1
Mable|NAME|1
Conner|NAME|1
Abel|NAME|1
Kirsten|NAME|1
Eloise|NAME|1
Alec|NAME|1
Payton|NAME|1
Nadine|NAME|1
Bennie|NAME|1
Ezra|NAME|1
Lynn|NAME|1
Traci|NAME|1
Reagan|NAME|1
Shannon|NAME|1
Willis|NAME|1
Lana|NAME|1
Joey|NAME|1
Lora|NAME|1
Cara|NAME|1
Caitlyn|NAME|1
Gerardo|NAME|1
Johanna|NAME|1
Rylee|NAME|1
Aria|NAME|1
Allyson|NAME|1
Cristina|NAME|1
Darius|NAME|1
Lacey|NAME|1
Edmund|NAME|1
Easton|NAME|1